# Main page redirects
/index.html / 301
/services.html /services/ 301
/contact.html /contact/ 301
/about.html /about/ 301
/service-area.html /service-area/ 301
/testimonials.html /testimonials/ 301
/privacy-policy.html /privacy-policy/ 301
/referrals.html /referrals/ 301

# Service page redirects from .html to clean URLs (from sitemap)
/services/accessibility-safety-solutions.html /services/accessibility-safety-solutions/ 301
/services/ada-compliant-showers-bathrooms.html /services/ada-compliant-showers-bathrooms/ 301
/services/bathroom-accessibility.html /services/bathroom-accessibility/ 301
/services/grab-bar-installation.html /services/grab-bar-installation/ 301
/services/custom-ramps.html /services/custom-ramps/ 301
/services/non-slip-flooring-solutions.html /services/non-slip-flooring-solutions/ 301
/services/home-remodeling-renovation.html /services/home-remodeling-renovation/ 301
/services/bathroom-remodels.html /services/bathroom-remodels/ 301
/services/kitchen-renovations.html /services/kitchen-renovations/ 301
/services/custom-cabinets.html /services/custom-cabinets/ 301
/services/countertop-repair.html /services/countertop-repair/ 301
/services/room-additions.html /services/room-additions/ 301
/services/basement-finishing.html /services/basement-finishing/ 301
/services/drywall-repair.html /services/drywall-repair/ 301
/services/painting-drywall.html /services/painting-drywall/ 301
/services/audio-visual.html /services/audio-visual/ 301
/services/tv-mounting.html /services/tv-mounting/ 301
/services/home-theater-installation.html /services/home-theater-installation/ 301
/services/home-audio.html /services/home-audio/ 301
/services/sound-system-setup.html /services/sound-system-setup/ 301
/services/soundbar-setup.html /services/soundbar-setup/ 301
/services/projector-install.html /services/projector-install/ 301
/services/cable-management.html /services/cable-management/ 301
/services/deck-construction.html /services/deck-construction/ 301
/services/patio-construction.html /services/patio-construction/ 301
/services/fence-installation.html /services/fence-installation/ 301
/services/concrete-pouring.html /services/concrete-pouring/ 301
/services/driveway-installation.html /services/driveway-installation/ 301
/services/concrete-repair.html /services/concrete-repair/ 301
/services/property-maintenance-services.html /services/property-maintenance-services/ 301
/services/emergency-snow.html /services/emergency-snow/ 301
/services/lawn-maintenance.html /services/lawn-maintenance/ 301
/services/landscape-design.html /services/landscape-design/ 301
/services/garden-maintenance.html /services/garden-maintenance/ 301
/services/fertilization.html /services/fertilization/ 301
/services/seasonal-cleanup.html /services/seasonal-cleanup/ 301
/services/gutter-cleaning.html /services/gutter-cleaning/ 301
/services/pressure-washing.html /services/pressure-washing/ 301
/services/handyman-services.html /services/handyman-services/ 301
/services/emergency-repairs.html /services/emergency-repairs/ 301
/services/flooring-installation.html /services/flooring-installation/ 301
/services/hardwood-flooring.html /services/hardwood-flooring/ 301
/services/floor-refinishing.html /services/floor-refinishing/ 301
/services/fence-repair.html /services/fence-repair/ 301
/services/custom-storage.html /services/custom-storage/ 301
/services/cabinet-refacing.html /services/cabinet-refacing/ 301
/services/kitchen-cabinetry.html /services/kitchen-cabinetry/ 301
/services/onyx-countertops.html /services/onyx-countertops/ 301
/services/painting-services.html /services/painting-services/ 301
/services/handyman-repair-services.html /services/handyman-repair-services/ 301
/services/grab-bars.html /services/grab-bars/ 301
/services/non-slip-flooring.html /services/non-slip-flooring/ 301
/services/ada-compliant-showers.html /services/ada-compliant-showers/ 301
/services/home-remodeling.html /services/home-remodeling/ 301

# Additional service pages found in directory structure
/services/ada-compliant-showers.html /services/ada-compliant-showers/ 301
/services/senior-safety.html /services/senior-safety/ 301
/services/wheelchair-ramp-installation.html /services/wheelchair-ramp-installation/ 301
/services/siding-replacement.html /services/siding-replacement/ 301
/services/snow-removal.html /services/snow-removal/ 301
/services/seasonal-prep.html /services/seasonal-prep/ 301
/services/tree-trimming.html /services/tree-trimming/ 301
/services/tv-home-theater-installation.html /services/tv-home-theater-installation/ 301
/services/tv-mounting-residential.html /services/tv-mounting-residential/ 301
/services/smart-audio.html /services/smart-audio/ 301
/services/window-doors.html /services/window-doors/ 301
/services/stairlift-elevator-installation.html /services/stairlift-elevator-installation/ 301
